{"cameraMode":{"drawMode":0,"name":"Shaded","section":"Shading Mode"},"sceneLighting":true,"audioPlay":false,"sceneViewState":{"showFog":true,"showMaterialUpdate":false,"showSkybox":true,"showFlares":true,"showImageEffects":true,"showParticleSystems":true},"in2DMode":false,"pivot":{"x":-0.6649999618530273,"y":0.0,"z":-0.5299999713897705},"rotation":{"x":-0.2539955675601959,"y":-0.003774996381253004,"z":0.000991260982118547,"w":-0.967197597026825},"size":5.390350818634033,"orthographic":false}