{"cameraMode":{"drawMode":0,"name":"Shaded","section":"Shading Mode"},"sceneLighting":true,"audioPlay":false,"sceneViewState":{"showFog":true,"showMaterialUpdate":false,"showSkybox":true,"showFlares":true,"showImageEffects":true,"showParticleSystems":true},"in2DMode":false,"pivot":{"x":0.0,"y":0.22499999403953553,"z":4.470000267028809},"rotation":{"x":-0.2539955675601959,"y":-0.003774996381253004,"z":0.000991260982118547,"w":-0.967197597026825},"size":20.932361602783204,"orthographic":false}