{"cameraMode":{"drawMode":0,"name":"Shaded","section":"Shading Mode"},"sceneLighting":true,"audioPlay":false,"sceneViewState":{"showFog":true,"showMaterialUpdate":false,"showSkybox":true,"showFlares":true,"showImageEffects":true,"showParticleSystems":true},"in2DMode":false,"pivot":{"x":4.539999961853027,"y":-4.685000419616699,"z":4.25},"rotation":{"x":0.020403143018484117,"y":-0.5368648171424866,"z":-0.012988641858100891,"w":-0.8433215618133545},"size":19.102205276489259,"orthographic":true}