{"cameraMode":{"drawMode":0,"name":"Shaded","section":"Shading Mode"},"sceneLighting":true,"audioPlay":false,"sceneViewState":{"showFog":true,"showMaterialUpdate":false,"showSkybox":true,"showFlares":true,"showImageEffects":true,"showParticleSystems":true},"in2DMode":false,"pivot":{"x":0.15922613441944123,"y":0.18274454772472382,"z":-4.909493446350098},"rotation":{"x":-0.12462060153484345,"y":0.6390031576156616,"z":-0.10594964027404785,"w":-0.7516111731529236},"size":5.048429012298584,"orthographic":false}