{"cameraMode":{"drawMode":0,"name":"Shaded","section":"Shading Mode"},"sceneLighting":true,"audioPlay":false,"sceneViewState":{"showFog":true,"showMaterialUpdate":false,"showSkybox":true,"showFlares":true,"showImageEffects":true,"showParticleSystems":true},"in2DMode":false,"pivot":{"x":-1.877147912979126,"y":-0.7388571500778198,"z":0.08197637647390366},"rotation":{"x":-0.07061127573251724,"y":0.8865132331848145,"z":-0.14425669610500337,"w":-0.4339335560798645},"size":7.980188369750977,"orthographic":false}