{"cameraMode":{"drawMode":0,"name":"Shaded","section":"Shading Mode"},"sceneLighting":false,"audioPlay":false,"sceneViewState":{"showFog":true,"showMaterialUpdate":false,"showSkybox":true,"showFlares":true,"showImageEffects":true,"showParticleSystems":true},"in2DMode":false,"pivot":{"x":0.0,"y":-0.09811365604400635,"z":-0.3068430423736572},"rotation":{"x":-0.12462060153484345,"y":0.6390031576156616,"z":-0.10594964027404785,"w":-0.7516111731529236},"size":4.825516700744629,"orthographic":false}